sku,type,mrp,coin_cap,coins,cash,days_grinder,days_dipper,days_whale
Zepto ₹10 off ₹99,voucher,10,1.0,100,0,0.2,1.6,0.4
Swiggy ₹40 off ₹149,voucher,40,1.0,400,0,0.8,6.6,1.7
Zomato ₹50 off ₹199,voucher,50,1.0,500,0,0.9,8.2,2.1
Starbucks ₹100 off ₹299,voucher,100,1.0,1000,0,1.9,16.5,4.3
PharmEasy ₹200 off ₹799,voucher,200,1.0,2000,0,3.8,32.9,8.5
Decathlon ₹300 off ₹999,voucher,300,1.0,3000,0,5.7,49.4,12.8
Spotify Premium 1mo,product·digital,139,0.4,556,83,1.1,9.2,2.4
Netflix Mobile 1mo,product·digital,149,0.4,596,89,1.1,9.8,2.5
JioHotstar Super 1yr,product·digital,1499,0.4,5996,899,11.4,98.7,25.5
boAt Airdopes 141,product·physical,1299,0.4,5196,779,9.9,85.5,22.1
Puma Softride sliders,product·physical,1499,0.4,5996,899,11.4,98.7,25.5
Sony WH-CH520,product·physical,2999,0.4,11996,1799,22.7,197.4,51.0

-- unit economics --
incremental_rev_per_dau_day,0.0416
studio_rev_per_redemption,35
implied_daily_redemption_rate,0.119%
redemptions_per_day_at_1m_dau,1189
redemptions_per_month,35657
brand_cac_budget_per_month,5348571

-- coins per day --
Grinder,528
Dipper,61
Whale,235
